,Datetime,TweetId,Text,FoundWord,start_text,end_text,country_predicted,country_conf,admin1,lat,lon,country_code3,geonameid,place_name,feature_class,feature_code
0,2021-02-19 23:59:57+00:00,1362914854999326720,"@ErinBrockovich We haven't had running water in Lake Charles, Louisiana for 4 days now",Lake Charles,48,60,USA,0.9634982943534851,Louisiana,30.21309,-93.2044,USA,4330236,Lake Charles,P,PPLA2
1,2021-02-19 23:59:57+00:00,1362914854999326720,"@ErinBrockovich We haven't had running water in Lake Charles, Louisiana for 4 days now",Louisiana,62,71,USA,0.9634982943534851,Louisiana,31.00047,-92.0004,USA,4331987,Louisiana,A,ADM1
2,2021-02-19 23:59:54+00:00,1362914842093391875,I hope one of the last two challenges that have yet be revealed for #ZWC3 are a No Power challenge or Exfil Speedrun on Firebase Z. Those would be fun to watch and compete in üëÄ,Exfil Speedrun,102,116,CUW,0.24821266531944275,,,,,,,,
3,2021-02-19 23:59:53+00:00,1362914837727244288,"@atliberalandold Once after an ice storm in Kansas, when the sun came out the ice started dropping from the trees. It looked like it was raining diamonds!",Kansas,44,50,USA,0.9634982943534851,Kansas,38.50029,-98.50063,USA,4273857,Kansas,A,ADM1
4,2021-02-19 23:59:51+00:00,1362914829330247690,"Weather Conditions From Calabash, NC @ 7:00 PM  41.5¬∞F,  Humidity is 100 pct,  Wind 1.7 mph NNW,  Rain 0.57 in. High Temp 41.6¬∞F #sunsetbeachwx #ncwx",NC,34,36,IND,0.9048774242401123,Assam,27.29429,94.20387,IND,9035240,Salikipara NC,P,PPL
5,2021-02-19 23:59:48+00:00,1362914817800097794,water fountain https://t.co/YnUZrsv1Rt,https://t.co/YnUZrsv1Rt,15,38,,0.0,,,,,,,,
6,2021-02-19 23:59:47+00:00,1362914813693681664,"The Government, with its Regulations, is attempting to ""Level the Playing Field"" for We the People against the greedy and powerful. Are ALL the Regulations good and necessary? Oh, hell no! 

Texas has NO Regulations regarding its power grid.

YOU choose which YOU want https://t.co/ziyg6R4hfN",Texas,191,196,USA,0.9634982943534851,Texas,31.25044,-99.25061,USA,4736286,Texas,A,ADM1
7,2021-02-19 23:59:46+00:00,1362914809210171400,"@Scynix @nebhusker84 @Angry_Staffer @Sen_JoeManchin @SpeakerPelosi Lol not voting for someone who literally said that we should bomb Libya, steal their oil, and then make them fund us stealing their oil, is a ‚Äúfascist power move.‚Äù 

Sure, yea, ok",Libya,133,138,LBY,0.9516947865486145,NA,28,17,LBY,2215636,Libya,A,PCLI
8,2021-02-19 23:59:46+00:00,1362914808383889410,"@mentaljedi @Echecs_Gaulois @GothamChess yes, i don‚Äôt think anybody could‚Äôve predicted the weather conditions Texas is going through right now. Hard situation overall",Texas,110,115,USA,0.9634982943534851,Texas,31.25044,-99.25061,USA,4736286,Texas,A,ADM1
9,2021-02-19 23:59:46+00:00,1362914807192694786,"After 2: @Shoremenhockey 0, @amherst_hockey 0. Avon Lake has 18 shots. Amherst has 12 shots and the game‚Äôs only power play opportunity. #LoCoPucks.",Avon Lake,47,56,USA,0.9571880102157593,Ohio,41.50532,-82.0282,USA,5146286,Avon Lake,P,PPL
10,2021-02-19 23:59:46+00:00,1362914807192694786,"After 2: @Shoremenhockey 0, @amherst_hockey 0. Avon Lake has 18 shots. Amherst has 12 shots and the game‚Äôs only power play opportunity. #LoCoPucks.",Amherst,71,78,USA,0.9571880102157593,New York,42.97839,-78.79976,USA,5107129,Amherst,P,PPL
11,2021-02-19 23:59:44+00:00,1362914798200061957,"Did you ever think we would see in the U.S. One of Trumps S#!t Hole Countries? Texas the Lone Star State is now one of many failing under supposed Republican leadership to handle an ice storm? 

#TexasStrong 

#VoteBlue2022 https://t.co/W2YGJ2yKsW",Texas,79,84,USA,0.9634982943534851,Texas,31.25044,-99.25061,USA,4736286,Texas,A,ADM1
12,2021-02-19 23:59:43+00:00,1362914796232994818,One of the best Medina Ohio traditions is the annual Ice Festival in our historic square!  Beautiful frozen night! https://t.co/3Ppoim0ejq,Medina Ohio,16,27,USA,0.9637409448623657,Ohio,41.18962,-81.7991,USA,9675147,Ohio State Highway Patrol - Medina Patrol Post,S,BLDG
13,2021-02-19 23:59:43+00:00,1362914793137475584,@MonkeyDMacc I don‚Äôt even know lmso it was on my recommendations so I just clicked it. But if there‚Äôs black ice on Palmdale I‚Äôll be ready,Palmdale,115,123,USA,0.9571880102157593,California,34.57943,-118.11646,USA,5380698,Palmdale,P,PPL
14,2021-02-19 23:59:42+00:00,1362914792680263681,@GamesRavelin @JoeSilverman7 Texas has its own power grid. Did you know that?,Texas,29,34,USA,0.9634982943534851,Texas,31.25044,-99.25061,USA,4736286,Texas,A,ADM1
15,2021-02-19 23:59:42+00:00,1362914792415977477,"LF: Shopee Farm friends WAHAHA

https://t.co/tkXBuhlvlD
https://t.co/9vcx0CUtTS
https://t.co/Q1BmDRlDgo

We'll water back üòâ",Shopee Farm,4,15,USA,0.24821266531944275,,,,,,,,
16,2021-02-19 23:59:42+00:00,1362914790692302848,Freezing weather slows food shipments to and from Coast https://t.co/Vq4ZxoYHrS,Coast,50,55,MLT,0.28868943452835083,,,,,,,,
17,2021-02-19 23:59:42+00:00,1362914789144596480,Update: Closed: Other Weather: EB on Rt. 643E at MM4 in Brunswick Co. All EB &amp; all WB travel lanes closed. 6:58PM,MM4,49,52,CMR,0.28365933895111084,,,,,,,,
18,2021-02-19 23:59:42+00:00,1362914789094170627,"@Eagle1190591196 @GovAbbott Hi Eagle,

Why do you think Arkansas‚Äô snow plows are connected to global warming?

Thanks, 
Mike",Arkansas,56,64,USA,0.9634982943534851,Arkansas,34.75037,-92.50044,USA,4099753,Arkansas,A,ADM1
19,2021-02-19 23:59:41+00:00,1362914788297367554,@TonyStewart Florida sun and rain to snow but they were happy to see you! Enjoy the snowmobile time which I am sure you will! I just left the snow in Pa. to come home to Florida sunshine!,Florida,13,20,CHL,0.8212683200836182,Valpara√≠so,-33.05429,-71.62239,CHL,9034691,8va. Comisaria Florida de Carabineros de Valparaiso,S,PP
20,2021-02-19 23:59:41+00:00,1362914788297367554,@TonyStewart Florida sun and rain to snow but they were happy to see you! Enjoy the snowmobile time which I am sure you will! I just left the snow in Pa. to come home to Florida sunshine!,Pa.,150,153,CMR,0.19553735852241516,,,,,,,,
21,2021-02-19 23:59:41+00:00,1362914788297367554,@TonyStewart Florida sun and rain to snow but they were happy to see you! Enjoy the snowmobile time which I am sure you will! I just left the snow in Pa. to come home to Florida sunshine!,Florida,170,177,CHL,0.8212683200836182,Valpara√≠so,-33.05429,-71.62239,CHL,9034691,8va. Comisaria Florida de Carabineros de Valparaiso,S,PP
22,2021-02-19 23:59:41+00:00,1362914785671659521,Update: Closed: Other Weather: EB on Rt. 643E at MM4 in Brunswick Co. All EB &amp; all WB travel lanes closed. 6:58PM,MM4,49,52,CMR,0.28365933895111084,,,,,,,,
23,2021-02-19 23:59:40+00:00,1362914783838699522,"@LukeGromen If we are in a solar minimum ice age, say Texas freezes over for another week, electric grid meltdown, plumbing destruction etc.. the green narrative, and i think dollar and bitcoin will be exposed as scam.",Texas,54,59,USA,0.9634982943534851,Texas,31.25044,-99.25061,USA,4736286,Texas,A,ADM1
24,2021-02-19 23:59:39+00:00,1362914778495156224,"@MoveOn @IndivisibleTeam We can help AOC &amp; Beto KEEP doing more to support Texans than the GOP governor &amp; senator have. 

Neither AOC nor Beto left a dog to freeze or fled to Cancun.

They just do their jobs + GOP's jobs, too. #FledCruzResign #BetoCaresAboutTexans #AOC 

https://t.co/VH1L9DV8pJ",Cancun,183,189,MEX,0.9571880102157593,Quintana Roo,21.17429,-86.84656,MEX,3531673,Canc√∫n,P,PPL
25,2021-02-19 23:59:37+00:00,1362914769192296450,@tedcruz Some facts Ted! You said on Feb 15th you didn‚Äôt lose power! You were on a flight to Cancun on the 17th and your girls and wife are still there so when did you lose power for 2 days such that everyone in the family had to huddle around fire place? WOW!,Cancun,93,99,MEX,0.9571880102157593,Quintana Roo,21.17429,-86.84656,MEX,3531673,Canc√∫n,P,PPL
26,2021-02-19 23:59:36+00:00,1362914764909924352,"@ThatEricAlper David Bowie. He and Imam were stuck on the same snow-delayed flight as my party. We almost rented a car together, but we ended up taking Amtrak from Baltimore to NYC.",Baltimore,164,173,USA,0.9571880102157593,Maryland,39.28808,-76.61076,USA,6955120,Baltimore-Towson,L,RGNE
27,2021-02-19 23:59:36+00:00,1362914764909924352,"@ThatEricAlper David Bowie. He and Imam were stuck on the same snow-delayed flight as my party. We almost rented a car together, but we ended up taking Amtrak from Baltimore to NYC.",NYC,177,180,USA,0.9637409448623657,New York,40.75622,-73.94128,USA,9854983,Howard Johnson Inn. Long Island City Nyc Area,S,HTL
28,2021-02-19 23:59:34+00:00,1362914756584112128,"@wfaalauren You are right!  Being a Syracuse NY native ... I fled this stuff to be in the warm DFW area, however, the weather this week makes me appreciate the 105 degree July/August days.",Syracuse,36,44,USA,0.9571880102157593,New York,43.04812,-76.14742,USA,5140405,Syracuse,P,PPLA2
29,2021-02-19 23:59:34+00:00,1362914756584112128,"@wfaalauren You are right!  Being a Syracuse NY native ... I fled this stuff to be in the warm DFW area, however, the weather this week makes me appreciate the 105 degree July/August days.",NY,45,47,SWE,0.28365933895111084,,,,,,,,
30,2021-02-19 23:59:33+00:00,1362914754491125761,LIVE: KVUE News at 6 | Bringing you the latest on the statewide energy crisis as the ice melts across Texas #austin #austinenergy #austinwater #texas #austinweather | https://t.co/E8wizWvazH https://t.co/ikrRVsc8uw,Texas,102,107,USA,0.9634982943534851,Texas,31.25044,-99.25061,USA,4736286,Texas,A,ADM1
31,2021-02-19 23:59:33+00:00,1362914752616427526,"@oahnait @WSJ And you know where they lived &amp; I currently live! In Wisconsin where the weather can be -45 below F. Advice from where? What country are you in? I‚Äôve been through MANY polar vortex, several feet of snow winters my whole life. I‚Äôve driven to work. I‚Äôve walked to school.",Wisconsin,71,80,USA,0.9634982943534851,Wisconsin,44.50024,-90.00041,USA,5279468,Wisconsin,A,ADM1
32,2021-02-19 23:59:33+00:00,1362914751534272512,"@thehill She is abolutely correct, the Constitution has a measured amount of fluidity, but when you turn it to water it will slip through our hands and evaporate.
       Ron V  disabled vietnam vet",vietnam,186,193,VNM,0.9571880102157593,NA,16.16667,107.83333,VNM,1562822,Socialist Republic of Vietnam,A,PCLI
33,2021-02-19 23:59:33+00:00,1362914751320371202,@RambouilletAssn We're talking basic services. Heat and water.  Plenty of warning. I believe El Paso did take appropriate preemptive steps and did not have the crisis.,El Paso,93,100,COL,0.28365933895111084,,,,,,,,
34,2021-02-19 23:59:32+00:00,1362914748535238658,Day 5 Texas freeze https://t.co/J2RLgHA8K4,Texas,6,11,USA,0.9634982943534851,Texas,31.25044,-99.25061,USA,4736286,Texas,A,ADM1
35,2021-02-19 23:59:32+00:00,1362914748443086849,"Vote Texas!
""w/o an ounce of irony/self-awareness of what its own panel had to say in Jan.,TPPF pounced on the blackouts this week as a chance to bash renewables.""
The Texas Think Tank Giving Cover for This Week‚Äôs Republican Wind Power Lies https://t.co/QeuUK6rRFD via @EARTH3R",Texas,5,10,USA,0.9612489938735962,Texas,31.25044,-99.25061,USA,4736286,Texas,A,ADM1
36,2021-02-19 23:59:32+00:00,1362914748443086849,"Vote Texas!
""w/o an ounce of irony/self-awareness of what its own panel had to say in Jan.,TPPF pounced on the blackouts this week as a chance to bash renewables.""
The Texas Think Tank Giving Cover for This Week‚Äôs Republican Wind Power Lies https://t.co/QeuUK6rRFD via @EARTH3R",Texas,168,173,USA,0.9612489938735962,Texas,31.25044,-99.25061,USA,4736286,Texas,A,ADM1
37,2021-02-19 23:59:31+00:00,1362914744227667968,"@leahhongdraws Hi Leah!
I‚Äôm Marianne Blackstone Tabner and also my first SCBWI winter conference! Exciting! Are you  a published author ? How‚Äôs the weather in Vancouver?",Vancouver,159,168,CAN,0.9048774242401123,British Columbia,49.65064,-125.44939,CAN,6173336,Vancouver Island,T,ISL
38,2021-02-19 23:59:31+00:00,1362914743510564869,"@Terca_Lumireis water! 

HEALTHY snacks!",@Terca_Lumireis,0,15,,0.0,,,,,,,,
39,2021-02-19 23:59:30+00:00,1362914740738158592,"A volunteer fire department ran out of water during a fire. A man searched 8 hours for food. These are the stories of the Texas storm

https://t.co/79ihAE17kb",Texas,122,127,USA,0.9634982943534851,Texas,31.25044,-99.25061,USA,4736286,Texas,A,ADM1
40,2021-02-19 23:59:30+00:00,1362914739538571265,"@toomanycowz Ummm we also need to eat so Farmers do tend to be somewhat important too. As to the waterways, there is no way we're going to sustain population growth without an increased water supply. Not the way we are lowering the Ogallala Aquifer, going to need to come up with something.",Ogallala Aquifer,232,248,USA,0.24821266531944275,,,,,,,,
41,2021-02-19 23:59:29+00:00,1362914738276081665,"I'd bet the State of Texas moves to weatherize our power grid.

The real question is who pays for it. 

Should Texas? Should the for-profit companies?

Who should absolutely NOT pay for it: low income Texans. 

They already paid for it this week. #txlege

https://t.co/7T2LJ1un5t",Texas,111,116,USA,0.9634982943534851,Texas,31.25044,-99.25061,USA,4736286,Texas,A,ADM1
42,2021-02-19 23:59:29+00:00,1362914737328173056,"@ScottTheWoz Looks at snow, laughs in new york",new york,38,46,USA,0.9637409448623657,New York,43.00035,-75.4999,USA,5128638,New York,A,ADM1
43,2021-02-19 23:59:29+00:00,1362914735595741185,@folha Tanta bomba pra nada. Vai ter que substituir o whey por Power Horse.,Tanta,7,12,BFA,0.6840587854385376,Est,13.1827,0.19435,BFA,2354821,Tanta,P,PPL
44,2021-02-19 23:59:29+00:00,1362914735595741185,@folha Tanta bomba pra nada. Vai ter que substituir o whey por Power Horse.,por Power Horse,59,74,IRL,0.9048774242401123,Munster,52.35917,-7.6025,IRL,2963831,Gurteen Le Poer,S,EST
45,2021-02-19 23:59:28+00:00,1362914730478768129,"@lawlerb @FPSPredatorsHA @zervle @ndrew_lawrence Also, I‚Äôd like to point out that I never said solar energy was the sole source of power...simply that this station had one of the biggest solar setups in Antarctica.",Antarctica,203,213,ATA,0.3105928897857666,,,,,,,,
46,2021-02-19 23:59:27+00:00,1362914728394317824,Truck series night in America! Wet weather start as well! I‚Äôm hyped!,America,22,29,USA,0.9516947865486145,Wyoming,41.54357,-109.85903,USA,5830444,Little America,P,PPL
47,2021-02-19 23:59:26+00:00,1362914724212400130,"@Gayer_Than_Thou I thought they previously determined that there had been (or is) water on Mars. But, don‚Äôt quote me.ü§∑‚Äç‚ôÄÔ∏è",@Gayer_Than_Thou,0,16,,0.0,,,,,,,,
48,2021-02-19 23:59:26+00:00,1362914724212400130,"@Gayer_Than_Thou I thought they previously determined that there had been (or is) water on Mars. But, don‚Äôt quote me.ü§∑‚Äç‚ôÄÔ∏è",Mars,91,95,USA,0.28365933895111084,,,,,,,,
49,2021-02-19 23:59:24+00:00,1362914717224812550,"They're from the government and they are here to help.  LOL 
Vaccine sites in NJ, Pa. coping with winter weather, delayed shipments https://t.co/pcVkNnmgcW via @6abc",NJ,78,80,THA,0.28868943452835083,,,,,,,,
50,2021-02-19 23:59:24+00:00,1362914717224812550,"They're from the government and they are here to help.  LOL 
Vaccine sites in NJ, Pa. coping with winter weather, delayed shipments https://t.co/pcVkNnmgcW via @6abc",Pa.,82,85,CMR,0.28868943452835083,,,,,,,,
51,2021-02-19 23:59:23+00:00,1362914709322792970,Snowflake 2022...he‚Äôs got the snow balls  to stand up for Texas https://t.co/MrFKdcYQ4T,Texas,58,63,USA,0.9634982943534851,Texas,31.25044,-99.25061,USA,4736286,Texas,A,ADM1
52,2021-02-19 23:59:22+00:00,1362914708253204482,"@cgyoilgas @JoAnnLawrence56 @erinotoole Check your facts... sask., quebec, Nunavut, BC, Alberta Ontario per 100,000 pop... as of feb 19  ... you do realize you sounded like a trumpette...who gives a rats ass which party is in power in these provinces.",sask,60,64,CAN,0.28868943452835083,,,,,,,,
53,2021-02-19 23:59:22+00:00,1362914708253204482,"@cgyoilgas @JoAnnLawrence56 @erinotoole Check your facts... sask., quebec, Nunavut, BC, Alberta Ontario per 100,000 pop... as of feb 19  ... you do realize you sounded like a trumpette...who gives a rats ass which party is in power in these provinces.",quebec,67,73,CAN,0.8799221515655518,Quebec,52.00017,-71.99907,CAN,6115047,Qu√©bec,A,ADM1
54,2021-02-19 23:59:22+00:00,1362914708253204482,"@cgyoilgas @JoAnnLawrence56 @erinotoole Check your facts... sask., quebec, Nunavut, BC, Alberta Ontario per 100,000 pop... as of feb 19  ... you do realize you sounded like a trumpette...who gives a rats ass which party is in power in these provinces.",Nunavut,75,82,CAN,0.9048774242401123,Nunavut,66.03478,-100.07813,CAN,6091732,Nunavut,A,ADM1
55,2021-02-19 23:59:22+00:00,1362914708253204482,"@cgyoilgas @JoAnnLawrence56 @erinotoole Check your facts... sask., quebec, Nunavut, BC, Alberta Ontario per 100,000 pop... as of feb 19  ... you do realize you sounded like a trumpette...who gives a rats ass which party is in power in these provinces.",BC,84,86,CAN,0.9571880102157593,British Columbia,53.99983,-125.0032,CAN,5909050,British Columbia,A,ADM1
56,2021-02-19 23:59:22+00:00,1362914708253204482,"@cgyoilgas @JoAnnLawrence56 @erinotoole Check your facts... sask., quebec, Nunavut, BC, Alberta Ontario per 100,000 pop... as of feb 19  ... you do realize you sounded like a trumpette...who gives a rats ass which party is in power in these provinces.",Alberta Ontario,88,103,USA,0.24821266531944275,,,,,,,,
57,2021-02-19 23:59:21+00:00,1362914702989422595,This Texas weather doing no justice,Texas,5,10,USA,0.9634982943534851,Texas,31.25044,-99.25061,USA,4736286,Texas,A,ADM1
58,2021-02-19 23:59:18+00:00,1362914691647823874,@cenkuygur @joerogan Cali has water and power shortages and endless forest fires. Plus  crime crumbling infrastructure and high taxes.,Cali,21,25,COL,0.9048774242401123,Valle del Cauca,3.43722,-76.5225,COL,3687925,Cali,P,PPLA
59,2021-02-19 23:59:16+00:00,1362914683481559041,"Cardona's story is amazing- he not only led efforts to bring back the Yellow-eared Parrots from near- extinction, but also helped save the Quindio wax palm. Shameful how deadly environmental work can be in Colombia, but more power to those brave enough to do the work. https://t.co/6F6nx0Oi16",Colombia,206,214,COL,0.9516947865486145,Atl√°ntico,11.01667,-74.88333,COL,3671506,Puerto Colombia,A,ADM2
60,2021-02-19 23:59:14+00:00,1362914672635113472,"still thinking about how they landed a rover on Mars while we were brushing our teeth with bottled water. the poems just write themselves these days, you hate to see it",Mars,48,52,USA,0.28365933895111084,,,,,,,,
61,2021-02-19 23:59:14+00:00,1362914672580689925,"Democracy Now! is 25 today!

It's the greatest news show on air today in America, and I am proud to be a Democracy Now! $25 monthly supporter.

Support the Voice of the Voiceless, @democracynow 

Democracy Now! speaks truth to power; it's the War and Peace Report.",America,73,80,USA,0.9516947865486145,Wyoming,41.54357,-109.85903,USA,5830444,Little America,P,PPL
62,2021-02-19 23:59:13+00:00,1362914668591738880,"The power of Cinlok, selalu bilang ""dia cuma temen kok"". Ahhh smw berawal dari temen hyung wkwkwk ü§£",Cinlok,13,19,USA,0.9221303462982178,Montana,48.59,-109.23128,USA,5644801,Chinook,P,PPLA2
63,2021-02-19 23:59:13+00:00,1362914668591738880,"The power of Cinlok, selalu bilang ""dia cuma temen kok"". Ahhh smw berawal dari temen hyung wkwkwk ü§£",selalu bilang,21,34,IDN,0.24821266531944275,,,,,,,,
64,2021-02-19 23:59:13+00:00,1362914668554059777,@thatexaspapi Still no water in Houston.#abnormal,Houston.#abnormal,32,49,,0.0,,,,,,,,
65,2021-02-19 23:59:13+00:00,1362914668138950658,"so the rabbit hutch in the yard is currently buried under several feet of snow, so the rabbit is right now inside with us. he's figured out that thumping is foot on the ground makes us pick him up, so that's now basically all he does all day",us,182,184,FRA,0.28868943452835083,,,,,,,,
66,2021-02-19 23:59:11+00:00,1362914662744997889,"""The accusation that Mr. Prince violated the U.N.‚Äôs arms embargo on #Libya exposes him to possible U.N. sanctions, including a travel ban and a freeze on his bank accounts and other assets ‚Äî though such an outcome is uncertain.""

https://t.co/U57myT4hKi",Libya,69,74,LBY,0.9516947865486145,NA,28,17,LBY,2215636,Libya,A,PCLI
67,2021-02-19 23:59:10+00:00,1362914658609336320,"@AdamCrigler @tedcruz I live in Texas, I don't like Ted Cruz, but if I had the money I would have bolted, too. I'm more angry that he didn't just own it. ""Yeah I left, fuck off."" That would have earned him some respect. But instead just more sniveling excuses that hold less water than a busted pipe.",Texas,32,37,USA,0.9634982943534851,Texas,31.25044,-99.25061,USA,4736286,Texas,A,ADM1
68,2021-02-19 23:59:10+00:00,1362914656990363648,"Terence Corcoran:  Texas crisis will reshape energy policy-making everywhere as wind-power collapse puts renewables under scrutiny

https://t.co/qtA7CNxToP",Texas,19,24,USA,0.9634982943534851,Texas,31.25044,-99.25061,USA,4736286,Texas,A,ADM1
69,2021-02-19 23:59:08+00:00,1362914646353735683,"@FOX4 I‚Äôll put it briefly, I was in Romania and Moldova Xmas of ‚Äò16 thru NYE ‚Äò17 with temperatures lower for longer than this past week and people had power, buses were running, malls open, hell outdoor marker was still open.  Basically, satellite countries of communist bloc 1/2",Romania,36,43,ROU,0.954474687576294,NA,46,25,ROU,798549,Rom√¢nia,A,PCLI
70,2021-02-19 23:59:08+00:00,1362914646353735683,"@FOX4 I‚Äôll put it briefly, I was in Romania and Moldova Xmas of ‚Äò16 thru NYE ‚Äò17 with temperatures lower for longer than this past week and people had power, buses were running, malls open, hell outdoor marker was still open.  Basically, satellite countries of communist bloc 1/2",Moldova,48,55,MDA,0.9531790018081665,NA,47.25,28.58333,MDA,617790,Republic of Moldova,A,PCLI
71,2021-02-19 23:59:07+00:00,1362914644650827776,"#bristol #weather 19/2/2021, Temp Hi=12.3C/Lo=5.1C, Baro Hi=1007.0 mb/Lo=1000.6 mb, Max Gust=32mph, Rain=0.6mm, Sun Hrs=00:00",Rain=0.6mm,100,110,CIV,0.24821266531944275,,,,,,,,
72,2021-02-19 23:59:07+00:00,1362914642524213251,"October 2020 #Melbourne #Australia 
POWER OUTAGE for 4 days
Messages on phones to boil all water.

February 2021 #TEXAS #USA 
POWER OUTAGE for 4 days
Messages on phones to boil all water.

And you say I'm a Conspiracy Theorist.
As you were....",Australia,25,34,AUS,0.9516947865486145,NA,-25,135,AUS,2077456,Commonwealth of Australia,A,PCLI
73,2021-02-19 23:59:07+00:00,1362914642524213251,"October 2020 #Melbourne #Australia 
POWER OUTAGE for 4 days
Messages on phones to boil all water.

February 2021 #TEXAS #USA 
POWER OUTAGE for 4 days
Messages on phones to boil all water.

And you say I'm a Conspiracy Theorist.
As you were....",TEXAS,114,119,USA,0.9424436092376709,Texas,31.25044,-99.25061,USA,4736286,Texas,A,ADM1
74,2021-02-19 23:59:06+00:00,1362914641328959489,"I am old enough to remember when the US Postal Service said we deliver rain, sleet, or snow. I am in Texas and haven‚Äôt seen them in 3 days!",Texas,101,106,USA,0.9634982943534851,Texas,31.25044,-99.25061,USA,4736286,Texas,A,ADM1
75,2021-02-19 23:59:06+00:00,1362914640242626563,I don‚Äôt remember snow hitting Texas under trump this is because of Biden,Texas,30,35,USA,0.9634982943534851,Texas,31.25044,-99.25061,USA,4736286,Texas,A,ADM1
76,2021-02-19 23:59:06+00:00,1362914638506164232,"Weather update for Canvey Island,
Temperature: 11¬∞C
clear sky https://t.co/CkzBpdnG4T",Canvey Island,19,32,GBR,0.9048774242401123,England,51.52199,0.5809,GBR,7911271,Canvey Island,P,PPLA4
77,2021-02-19 23:59:06+00:00,1362914638187417606,"‚ÄúAs Texas deep freeze subsides, some households now face electricity bills as high as $10,000‚Äù 

Keeps getting worse. My heart goes out to Texas  https://t.co/zrXiC8O8JN",Texas,4,9,USA,0.9612489938735962,Texas,31.25044,-99.25061,USA,4736286,Texas,A,ADM1
78,2021-02-19 23:59:06+00:00,1362914638187417606,"‚ÄúAs Texas deep freeze subsides, some households now face electricity bills as high as $10,000‚Äù 

Keeps getting worse. My heart goes out to Texas  https://t.co/zrXiC8O8JN",Texas,139,144,USA,0.9612489938735962,Texas,31.25044,-99.25061,USA,4736286,Texas,A,ADM1
79,2021-02-19 23:59:04+00:00,1362914631648337922,this fine weather make us forget the fact that the capital city tokyo is still under the state of emergency which is caused by the covid related matter.,tokyo,64,69,JPN,0.9571880102157593,Tokyo,35.6895,139.69171,JPN,1850144,Tokyo Prefecture,A,ADM1
80,2021-02-19 23:59:04+00:00,1362914629257682948,"The cold paints Kylo's cheeks a vivid red as if in protest of the weather, which make the few freckles that Kylo does have, stand out brilliantly. The light reflects off the snow into Kylo's chocolate gaze, that mimic the color of his hair, and Hux is lost.",Kylo,184,188,FIN,0.5339667797088623,,,,,,,,
81,2021-02-19 23:59:03+00:00,1362914628636966912,"@froneyzone @faramiria @shelleyrj123 @cherylinct @julieroginsky Exactly! Thank you for proving our point, Obama traveling to Hawaii on a normal day is a way different situation than Cruz abandoning his citizens during an ice storm",Hawaii,125,131,USA,0.9634982943534851,Hawaii,20.75028,-156.50028,USA,5855797,Hawaii,A,ADM1
82,2021-02-19 23:59:03+00:00,1362914628104196097,Texas Musicians on How They‚Äôre Making It Through the Deep Freeze https://t.co/TKHNIlWKyl https://t.co/gByc5D1a8C,Texas,0,5,USA,0.9634982943534851,Texas,31.25044,-99.25061,USA,4736286,Texas,A,ADM1
83,2021-02-19 23:59:03+00:00,1362914626934079490,"Thinking about soft winter Kylux.... Hux noticing how dark the snow flakes make Kylo's hair look. The strands look black in juxtaposition to the white flakes that are landing on Kylo's head, but Hux knows it's a deep chocolate brown, not black.",Kylo,178,182,FIN,0.5339667797088623,,,,,,,,
84,2021-02-19 23:59:03+00:00,1362914625533132801,"The power companies are corrupt in Texas.  They‚Äôre also corrupt in Ohio.  If we ever have a Texas style heatwave in Cleveland, we‚Äôll be in trouble.",Texas,35,40,USA,0.9596211314201355,Texas,31.25044,-99.25061,USA,4736286,Texas,A,ADM1
85,2021-02-19 23:59:03+00:00,1362914625533132801,"The power companies are corrupt in Texas.  They‚Äôre also corrupt in Ohio.  If we ever have a Texas style heatwave in Cleveland, we‚Äôll be in trouble.",Ohio,67,71,USA,0.9596211314201355,Ohio,40.25034,-83.00018,USA,5165418,Ohio,A,ADM1
86,2021-02-19 23:59:03+00:00,1362914625533132801,"The power companies are corrupt in Texas.  They‚Äôre also corrupt in Ohio.  If we ever have a Texas style heatwave in Cleveland, we‚Äôll be in trouble.",Texas,92,97,USA,0.9596211314201355,Texas,31.25044,-99.25061,USA,4736286,Texas,A,ADM1
87,2021-02-19 23:59:03+00:00,1362914625533132801,"The power companies are corrupt in Texas.  They‚Äôre also corrupt in Ohio.  If we ever have a Texas style heatwave in Cleveland, we‚Äôll be in trouble.",Cleveland,116,125,USA,0.7011685967445374,Ohio,41.4995,-81.69541,USA,5150529,Cleveland,P,PPLA2
88,2021-02-19 23:59:03+00:00,1362914625415761920,"when i move out if ny it's not because of the expenses, the state itself or the people, it's because of the goddamn snow (and winter in itself)! can it stop?! i hate snow as it but why tf is it snowing so much? like fuck off! you're ugly and annoying!",ny,19,21,SWE,0.28365933895111084,,,,,,,,
89,2021-02-19 23:59:02+00:00,1362914625004527619,"17:59 Bedford, TX Wx - Fine weather, Temp: 39.7 F, DP: 26.9, RH: 60%, Wind: N 0 mph, Baro: 30.359 in Falling, Rain: 0.22 in. Spotter activation is not expected at this time.",Bedford,6,13,GBR,0.8799221515655518,England,52,-0.5,GBR,2656044,Bedfordshire,L,RGN
90,2021-02-19 23:59:02+00:00,1362914625004527619,"17:59 Bedford, TX Wx - Fine weather, Temp: 39.7 F, DP: 26.9, RH: 60%, Wind: N 0 mph, Baro: 30.359 in Falling, Rain: 0.22 in. Spotter activation is not expected at this time.",TX,15,17,USA,0.9637409448623657,Texas,32.4512,-100.3927,USA,9847837,Hampton Inn - Sweetwater. Tx,S,HTL
91,2021-02-19 23:59:02+00:00,1362914622051913732,"Friday February 19, 2021 Weather Time Lapse - Franklin, NY in the Western Catskills. #nywx #weather #Catskills #NY #timelapse https://t.co/jY6AiCjmtE",NY,56,58,SWE,0.28365933895111084,,,,,,,,
92,2021-02-19 23:59:02+00:00,1362914622051913732,"Friday February 19, 2021 Weather Time Lapse - Franklin, NY in the Western Catskills. #nywx #weather #Catskills #NY #timelapse https://t.co/jY6AiCjmtE",Western Catskills,66,83,ESH,0.24821266531944275,,,,,,,,
93,2021-02-19 23:59:02+00:00,1362914621368238083,Eastbourne Weather 23:59 PM Temp 11.1oC Max 11.1oC Min 5.9oC Hum 83% Wind 10.2 mph S Gust 23.0 mph Rain   0.0 mm Baro 1009.3 hPa AQI (13.5) Air Quality Good PM2.5 (3.3) PM10 (24.7),Eastbourne,0,10,GBR,0.9571880102157593,England,50.76871,0.28453,GBR,2650497,Eastbourne,P,PPL
94,2021-02-19 23:59:01+00:00,1362914617379414018,Sen. Ted Cruz calls Mexico trip amid Texas winter crisis and power outages 'a mistake' #travelling #travel #mexico #travelmexico #yucatan #merida #progresso #cancun #playadecarmen #rivieramaya #tulum https://t.co/MH5KrZwb3R,Mexico,20,26,MEX,0.954474687576294,NA,23,-102,MEX,3996063,Mexico,A,PCLI
95,2021-02-19 23:59:01+00:00,1362914617379414018,Sen. Ted Cruz calls Mexico trip amid Texas winter crisis and power outages 'a mistake' #travelling #travel #mexico #travelmexico #yucatan #merida #progresso #cancun #playadecarmen #rivieramaya #tulum https://t.co/MH5KrZwb3R,Texas,37,42,USA,0.9489046931266785,Texas,31.25044,-99.25061,USA,4736286,Texas,A,ADM1
96,2021-02-19 23:59:00+00:00,1362914614401372163,@monicamallon AB1091 seems like a power grab by the county over cities. Gives county supervisors control of 5 seats vs. 2 currently. San Jose gets 2 vs 5 currently. Other cities get 2 vs 5 currently.,San Jose,133,141,ESP,0.28868943452835083,,,,,,,,
97,2021-02-19 23:59:00+00:00,1362914613994618884,"MDOT crews work to clear Hwy 4 in Marshall County. 

Aided by today‚Äôs sunshine, snow-fighting crews were able to make progress on clearing #MShwys, but refreezing will occur tonight. 

We will get the job done ‚Äî #WeDontTakeSnowDays. https://t.co/NURVpXCRcO",Marshall,34,42,USA,0.9637409448623657,West Virginia,39.86061,-80.66339,USA,4813820,Marshall County,A,ADM2
98,2021-02-19 23:59:00+00:00,1362914613512208384,"‚ÄúThere‚Äôs a lot of similarities, between what has happened in Texas and California,‚Äù

‚ÄúIn both cases, you had an extreme climate or weather event. And in both cases, the states were not prepared.‚Äù

#ActOnClimate  https://t.co/aGvWnDpwvo",Texas,61,66,USA,0.9612489938735962,Texas,31.25044,-99.25061,USA,4736286,Texas,A,ADM1
99,2021-02-19 23:59:00+00:00,1362914613512208384,"‚ÄúThere‚Äôs a lot of similarities, between what has happened in Texas and California,‚Äù

‚ÄúIn both cases, you had an extreme climate or weather event. And in both cases, the states were not prepared.‚Äù

#ActOnClimate  https://t.co/aGvWnDpwvo",California,71,81,COL,0.17837727069854736,,,,,,,,
100,2021-02-19 23:58:59+00:00,1362914609456381959,"@charmcarp1 Actually, Anchorage is very comparable to Iowa, weather wise.",Anchorage,22,31,USA,0.9634982943534851,Alaska,61.21806,-149.90028,USA,5879400,Anchorage,P,PPLA2
101,2021-02-19 23:58:59+00:00,1362914609456381959,"@charmcarp1 Actually, Anchorage is very comparable to Iowa, weather wise.",Iowa,54,58,USA,0.9634982943534851,Iowa,42.00027,-93.50049,USA,4862182,Iowa,A,ADM1
102,2021-02-19 23:58:58+00:00,1362914608114257921,"@roguechimp99 @RuckertGisela @Scribulatora Yup. By allying themselves with the CPC, the Greens and NDP have shown themselves to be political opportunists who don‚Äôt deserve power. #cdnpoli",@roguechimp99,0,13,,0.0,,,,,,,,
103,2021-02-19 23:58:58+00:00,1362914606394396676,@TheDailyShow Why does poor middle America always fall for rich assholes who only give a fuck about them bc they give them power. HE DOESNT CARE ABOUT YOU. HE CARES ABOUT AD MONEY &amp; POWER üôÑ https://t.co/aN0f2RTdvP,middle America,28,42,NA,0.9048774242401123,NA,21,-86,NA,3496393,Middle America,L,RGN
104,2021-02-19 23:58:58+00:00,1362914605454954497,let's gooOoo!! double digits üò≠ power ni park seri at narae üò≠ ackkk sana magtuloy-tuloy na üôè https://t.co/R7p286zilN,ni park seri,37,49,IDN,0.24821266531944275,,,,,,,,
105,2021-02-19 23:58:57+00:00,1362914600870641668,"Texas Leaders Ignored Warnings A Decade Ago That Their Power Supply Was In Danger

https://t.co/mbciYWEQAm",Texas,0,5,USA,0.9634982943534851,Texas,31.25044,-99.25061,USA,4736286,Texas,A,ADM1
106,2021-02-19 23:58:55+00:00,1362914593694232577,"Sad to see the excellent ùó£ùóºùóøùòÅùóÆùóπ ùòÅùóº ùóßùó≤ùòÖùóÆùòÄ ùóõùó∂ùòÄùòÅùóºùóøùòÜ shut down by the weather conditions in Texas. Stay safe everyone! #TexasWinterStorm2021 #TexasHistory #research 

When better weather prevails, check out https://t.co/mylTfHkpUk",Texas,88,93,USA,0.9634982943534851,Texas,31.25044,-99.25061,USA,4736286,Texas,A,ADM1
107,2021-02-19 23:58:55+00:00,1362914592758902786,"@MRKokoski @ravenashaw @Squish43172398 @therecount @allahpundit @tedcruz Only God can work miracles now maybe Cruz can do something that Hid need him to do before he took that vacation trip which is fine but Cruz already know that he was going rain, snow are hell freeze over he was going and he really did not care what the people of Texas said.",Texas,335,340,USA,0.9634982943534851,Texas,31.25044,-99.25061,USA,4736286,Texas,A,ADM1
108,2021-02-19 23:58:54+00:00,1362914589038501891,Those churches in TEXAS are empty. If they have power and electricity I hope that they open the doors and let the people in that need shelter &amp; heat and foodüéâ,TEXAS,18,23,USA,0.9571880102157593,Texas,31.25044,-99.25061,USA,4736286,Texas,A,ADM1
109,2021-02-19 23:58:54+00:00,1362914588396834816,"Normally $600, this power bill for Dallas homeowner is now $17,000. Omg https://t.co/wgzBavf4dt",Dallas,35,41,USA,0.9571880102157593,Texas,32.76663,-96.77787,USA,4684904,Dallas County,A,ADM2
110,2021-02-19 23:58:53+00:00,1362914585829928963,"How Texas‚Äô Power Generation Failed During the Storm, In Charts - The New York Times https://t.co/8fxBcsY8Nh",Texas,4,9,USA,0.9634982943534851,Texas,31.25044,-99.25061,USA,4736286,Texas,A,ADM1
111,2021-02-19 23:58:52+00:00,1362914580377325568,"All Gore said that by 2010 (1) Manhattan would be completely under water (2) Gas would cost $16 per gallon and Milk $13 per gallon.  Then when people ran out and contributed millions to his fund to stop the above, Al bought big house on the water front and two gas guzzling SUV's. https://t.co/tMDxOYpEHy",Manhattan,31,40,USA,0.9571880102157593,New York,40.78343,-73.96625,USA,5125771,Manhattan,P,PPLA2
112,2021-02-19 23:58:52+00:00,1362914579173412868,@Lisa_Wilkinson @ScottMorrisonMP @lindareynoldswa Tells story on liberals last 8yrs in power more more Secrets hidden still in the cupboard Canberra bubble so any Murdoch use intelligence to tell more on liberals lies,Canberra,140,148,AUS,0.9571880102157593,Australian Capital Territory,-35.28346,149.12807,AUS,2172517,Canberra,P,PPLC
113,2021-02-19 23:58:51+00:00,1362914577550217216,"#Jann my sweatshirt arrived! #HORSESHIT #StopLiveHorseExport

These SWEET loving #horses are shipped ALIVE over 2-3 days with NO FOOD NO WATER to #Japan in a cramped box üì¶ for fresh #horsemeat #sushi üê¥ üç£ üò≠ 
Many arrive severely injuredü©∏ or dead ‚ò†Ô∏è 
Please sign ‚¨áÔ∏è #Canada üá®üá¶ https://t.co/m9om53Vdle https://t.co/M0UKJA7vFI",Japan,147,152,JPN,0.954474687576294,NA,35.68536,139.75309,JPN,1861060,Japan,A,PCLI
114,2021-02-19 23:58:51+00:00,1362914577550217216,"#Jann my sweatshirt arrived! #HORSESHIT #StopLiveHorseExport

These SWEET loving #horses are shipped ALIVE over 2-3 days with NO FOOD NO WATER to #Japan in a cramped box üì¶ for fresh #horsemeat #sushi üê¥ üç£ üò≠ 
Many arrive severely injuredü©∏ or dead ‚ò†Ô∏è 
Please sign ‚¨áÔ∏è #Canada üá®üá¶ https://t.co/m9om53Vdle https://t.co/M0UKJA7vFI",Canada,265,271,CAN,0.9531790018081665,NA,60.10867,-113.64258,CAN,6251999,Canada,A,PCLI
